POSTCODE,PC_NAME,PC_TYPE,PA_NAME,PA_FIPS,CITY_TOWN,COUNTY,AREA_SQMI,SHAPE_AREA,SHAPE_LEN
02360,PLYMOUTH,NON UNIQUE,PLYMOUTH,54275,"PLYMOUTH, TOWN OF",PLYMOUTH,103.1403089,267132173.722,108508.650013
01230,GREAT BARRINGTON,NON UNIQUE,GREAT BARRINGTON,26780,"GREAT BARRINGTON, TOWN OF",BERKSHIRE,96.72656896,250520663.521,131086.916737
01223,BECKET,NON UNIQUE,BECKET,04510,"BECKET, TOWN OF",BERKSHIRE,86.59125138,224270311.507,75260.8777436
01034,GRANVILLE,NON UNIQUE,GRANVILLE,26640,"TOLLAND, TOWN OF",HAMPDEN,72.35022566,187386224.204,65075.322259
02346,MIDDLEBORO,NON UNIQUE,MIDDLEBORO,40780,"MIDDLEBOROUGH, TOWN OF",PLYMOUTH,72.14780071,186861946.012,71500.9634313
01366,PETERSHAM,NON UNIQUE,PETERSHAM,53085,"PETERSHAM, TOWN OF",WORCESTER,62.65331762,162271347.686,60333.456807
01201,PITTSFIELD,NON UNIQUE,PITTSFIELD,53960,PITTSFIELD,BERKSHIRE,61.94892049,160446967.502,75630.5912912
01339,CHARLEMONT,NON UNIQUE,CHARLEMONT,12470,"CHARLEMONT, TOWN OF",FRANKLIN,59.02825958,152882490.461,64407.7955143
01340,COLRAIN,NON UNIQUE,COLRAIN,14850,"COLRAIN, TOWN OF",FRANKLIN,58.54743839,151637169.309,58624.11312
02790,WESTPORT,NON UNIQUE,WESTPORT,77570,"WESTPORT, TOWN OF",BRISTOL,56.30997046,145842153.962,160678.235599
01007,BELCHERTOWN,NON UNIQUE,BELCHERTOWN,04790,"BELCHERTOWN, TOWN OF",HAMPSHIRE,55.29290537,143207967.467,61767.8603596
01237,LANESBOROUGH,NON UNIQUE,LANESBOROUGH,34330,"LANESBOROUGH, TOWN OF",BERKSHIRE,50.76702371,131485987.778,104611.419737
01267,WILLIAMSTOWN,NON UNIQUE,WILLIAMSTOWN,79950,"WILLIAMSTOWN, TOWN OF",BERKSHIRE,55.22803318,143039949.268,71721.7326886
01008,BLANDFORD,NON UNIQUE,BLANDFORD,06050,"BLANDFORD, TOWN OF",HAMPDEN,54.0591453,140012543.556,55368.7048162
01331,ATHOL,NON UNIQUE,ATHOL,02515,"ATHOL, TOWN OF",WORCESTER,58.08486951,150439121.405,66459.581259
01085,WESTFIELD,NON UNIQUE,WESTFIELD,76030,WESTFIELD,HAMPDEN,55.93892848,144881159.65,61329.5770997
01370,SHELBURNE FALLS,NON UNIQUE,SHELBURNE FALLS,61205,"SHELBURNE, TOWN OF",FRANKLIN,48.80405713,126401927.675,70885.011312
01235,HINSDALE,NON UNIQUE,HINSDALE,30280,"HINSDALE, TOWN OF",BERKSHIRE,47.75705167,123690196.007,49286.4049247
02747,NORTH DARTMOUTH,NON UNIQUE,NORTH DARTMOUTH,47450,"DARTMOUTH, TOWN OF",BRISTOL,47.49541385,123012557.147,66614.83542
02769,REHOBOTH,NON UNIQUE,REHOBOTH,56340,"REHOBOTH, TOWN OF",BRISTOL,47.36336756,122670558.837,63927.160888
01002,AMHERST,NON UNIQUE,AMHERST,01290,"AMHERST, TOWN OF",HAMPSHIRE,53.72931708,139158292.406,72106.4396881
01255,SANDISFIELD,NON UNIQUE,SANDISFIELD,59630,"SANDISFIELD, TOWN OF",BERKSHIRE,50.85483654,131713421.967,56886.485516
01247,NORTH ADAMS,NON UNIQUE,NORTH ADAMS,46225,NORTH ADAMS,BERKSHIRE,47.15753286,122137449.406,57107.7139262
01475,WINCHENDON,NON UNIQUE,WINCHENDON,80370,"WINCHENDON, TOWN OF",WORCESTER,44.33294497,114821800.354,44349.6666644
01507,CHARLTON,NON UNIQUE,CHARLTON,12680,"CHARLTON, TOWN OF",WORCESTER,43.99834318,113955185.685,46380.7652786
02035,FOXBORO,NON UNIQUE,FOXBORO,24750,"FOXBOROUGH, TOWN OF",NORFOLK,20.84156821,53979413.8541,31911.1000446
01740,BOLTON,NON UNIQUE,BOLTON,06330,"BOLTON, TOWN OF",WORCESTER,20.69450858,53598531.158,32011.0404518
01550,SOUTHBRIDGE,NON UNIQUE,SOUTHBRIDGE,63305,"SOUTHBRIDGE, TOWN OF",WORCESTER,20.65779621,53503446.5558,32843.7857602
01341,CONWAY,NON UNIQUE,CONWAY,15165,"CONWAY, TOWN OF",FRANKLIN,34.08553818,88281138.6127,42458.2354455
01562,SPENCER,NON UNIQUE,SPENCER,66070,"SPENCER, TOWN OF",WORCESTER,34.01579381,88100501.5264,40667.4627593
01590,SUTTON,NON UNIQUE,SUTTON,68575,"SUTTON, TOWN OF",WORCESTER,34.01245536,88091854.9819,47678.7078241
01096,WILLIAMSBURG,NON UNIQUE,WILLIAMSBURG,79880,"GOSHEN, TOWN OF",HAMPSHIRE,33.4528849,86642574.1349,59348.2899068
01450,GROTON,NON UNIQUE,GROTON,27445,"GROTON, TOWN OF",MIDDLESEX,33.31877202,86295223.3706,58024.2602209
01026,CUMMINGTON,NON UNIQUE,CUMMINGTON,16005,"CUMMINGTON, TOWN OF",HAMPSHIRE,26.65912327,69046812.2841,50949.7359801
02535,CHILMARK,NON UNIQUE,CHILMARK,13765,"CHILMARK, TOWN OF",DUKES,26.1158379,67639709.6349,69133.989656
01266,WEST STOCKBRIDGE,NON UNIQUE,WEST STOCKBRIDGE,77955,"WEST STOCKBRIDGE, TOWN OF",BERKSHIRE,25.8627596,66984239.8547,53903.0447121
01742,CONCORD,NON UNIQUE,CONCORD,15025,"CONCORD, TOWN OF",MIDDLESEX,25.6396045,66406270.8005,79552.5594141
01259,SOUTHFIELD,NON UNIQUE,SOUTHFIELD,63830,"NEW MARLBOROUGH, TOWN OF",BERKSHIRE,25.27478424,65461390.6712,42019.7673629
01516,DOUGLAS,NON UNIQUE,DOUGLAS,17265,"DOUGLAS, TOWN OF",WORCESTER,38.16715,98852464.7002,45762.5405877
01430,ASHBURNHAM,NON UNIQUE,ASHBURNHAM,01850,"ASHBURNHAM, TOWN OF",WORCESTER,38.04726038,98541951.9901,45726.3816588
01257,SHEFFIELD,NON UNIQUE,SHEFFIELD,61030,"SHEFFIELD, TOWN OF",BERKSHIRE,38.03045342,98498422.172,56138.0543069
01364,ORANGE,NON UNIQUE,ORANGE,51230,"ORANGE, TOWN OF",FRANKLIN,37.79580104,97890675.2897,59943.2017563
01378,WARWICK,NON UNIQUE,WARWICK,73230,"WARWICK, TOWN OF",FRANKLIN,37.64549678,97501389.0567,43943.1915406
01541,PRINCETON,NON UNIQUE,PRINCETON,55360,"PRINCETON, TOWN OF",WORCESTER,37.64220073,97492852.3178,48983.3903126
01473,WESTMINSTER,NON UNIQUE,WESTMINSTER,76975,"WESTMINSTER, TOWN OF",WORCESTER,36.87329445,95501394.1907,55711.1084757
02554,NANTUCKET,NON UNIQUE,NANTUCKET,43755,"NANTUCKET, TOWN OF",NANTUCKET,36.79770817,95305626.6322,174336.083404
01543,RUTLAND,NON UNIQUE,RUTLAND,58790,"RUTLAND, TOWN OF",WORCESTER,36.22895399,93832560.0806,40370.442582
01256,SAVOY,NON UNIQUE,SAVOY,60190,"SAVOY, TOWN OF",BERKSHIRE,36.10955991,93523330.8211,45520.4506253
01082,WARE,NON UNIQUE,WARE,72845,"WARE, TOWN OF",HAMPSHIRE,40.01120361,103628541.614,57742.2946297
02568,VINEYARD HAVEN,NON UNIQUE,VINEYARD HAVEN,71970,"OAK BLUFFS, TOWN OF",DUKES,39.82787813,103153730.791,88589.7255658
02330,CARVER,NON UNIQUE,CARVER,11630,"CARVER, TOWN OF",PLYMOUTH,39.82049055,103134597.072,47543.3671068
01452,HUBBARDSTON,NON UNIQUE,HUBBARDSTON,31400,"HUBBARDSTON, TOWN OF",WORCESTER,42.29649963,109547431.125,43769.3572967
01368,ROYALSTON,NON UNIQUE,ROYALSTON,58545,"ROYALSTON, TOWN OF",WORCESTER,42.25951,109451628.426,49007.1094724
01027,EASTHAMPTON,NON UNIQUE,EASTHAMPTON,19330,EASTHAMPTON,HAMPSHIRE,41.3162153,107008506.389,67440.3246683
02770,ROCHESTER,NON UNIQUE,ROCHESTER,57565,"ROCHESTER, TOWN OF",PLYMOUTH,35.66284753,92366351.0587,41651.9371252
01360,NORTHFIELD,NON UNIQUE,NORTHFIELD,47800,"NORTHFIELD, TOWN OF",FRANKLIN,35.35349044,91565119.8949,48086.4585589
01337,BERNARDSTON,NON UNIQUE,BERNARDSTON,05525,"BERNARDSTON, TOWN OF",FRANKLIN,35.34412667,91540867.8378,48903.7449999
01010,BRIMFIELD,NON UNIQUE,BRIMFIELD,08435,"BRIMFIELD, TOWN OF",HAMPDEN,35.26669551,91340322.039,42879.3155464
02780,TAUNTON,NON UNIQUE,TAUNTON,69170,TAUNTON,BRISTOL,34.30855899,88858759.8496,50743.2848185
01057,MONSON,NON UNIQUE,MONSON,42110,"MONSON, TOWN OF",HAMPDEN,44.79717618,116024153.669,50174.9959865
01005,BARRE,NON UNIQUE,BARRE,03705,"BARRE, TOWN OF",WORCESTER,44.66496308,115681723.314,44235.8708318
01545,SHREWSBURY,NON UNIQUE,SHREWSBURY,61835,"SHREWSBURY, TOWN OF",WORCESTER,21.81407162,56498186.1159,32893.2009743
01581,WESTBOROUGH,NON UNIQUE,WESTBOROUGH,75050,"WESTBOROUGH, TOWN OF",WORCESTER,21.43603003,55519062.9024,35117.9395549
01568,UPTON,NON UNIQUE,UPTON,71445,"UPTON, TOWN OF",WORCESTER,21.35489246,55308917.5588,34427.8511215
01068,OAKHAM,NON UNIQUE,OAKHAM,50635,"OAKHAM, TOWN OF",WORCESTER,21.25469166,55049398.6929,31543.9872477
01826,DRACUT,NON UNIQUE,DRACUT,17510,"DRACUT, TOWN OF",MIDDLESEX,21.21241407,54939900.237,53869.17174
02061,NORWELL,NON UNIQUE,NORWELL,50110,"NORWELL, TOWN OF",PLYMOUTH,21.06930915,54569260.181,41305.9633346
01540,OXFORD,NON UNIQUE,OXFORD,51790,"OXFORD, TOWN OF",WORCESTER,21.06264516,54552000.5263,38744.6153881
01520,HOLDEN,NON UNIQUE,HOLDEN,30525,"HOLDEN, TOWN OF",WORCESTER,20.31804137,52623485.5603,33573.9436053
02048,MANSFIELD,NON UNIQUE,MANSFIELD,38190,"MANSFIELD, TOWN OF",BRISTOL,20.17561815,52254611.1141,31184.4967535
02667,WELLFLEET,NON UNIQUE,WELLFLEET,74350,"WELLFLEET, TOWN OF",BARNSTABLE,20.17146133,52243844.9951,85014.1212764
01720,ACTON,NON UNIQUE,ACTON,00345,"ACTON, TOWN OF",MIDDLESEX,19.99217641,51779499.1877,34631.4832231
01810,ANDOVER,NON UNIQUE,ANDOVER,01430,"ANDOVER, TOWN OF",ESSEX,31.90687655,82638430.9022,48046.7923598
01098,WORTHINGTON,NON UNIQUE,WORTHINGTON,82175,"WORTHINGTON, TOWN OF",HAMPSHIRE,31.89193802,82599740.2873,47390.034101
01938,IPSWICH,NON UNIQUE,IPSWICH,32275,"IPSWICH, TOWN OF",ESSEX,31.87656183,82559916.1201,166140.037833
02093,WRENTHAM,NON UNIQUE,WRENTHAM,82280,"WRENTHAM, TOWN OF",NORFOLK,22.57749138,58475434.2167,38835.8120968
01876,TEWKSBURY,NON UNIQUE,TEWKSBURY,69380,"TEWKSBURY, TOWN OF",MIDDLESEX,20.98339746,54346749.9217,34472.2831827
01531,NEW BRAINTREE,NON UNIQUE,NEW BRAINTREE,45070,"NEW BRAINTREE, TOWN OF",WORCESTER,20.94823401,54255677.0019,42961.2813007
01083,WARREN,PO BOX,WARREN,73055,"WARREN, TOWN OF",WORCESTER,20.86107594,54029938.6348,37161.5562194
01469,TOWNSEND,NON UNIQUE,TOWNSEND,70325,"TOWNSEND, TOWN OF",MIDDLESEX,20.63094558,53433903.7404,35588.8645479
01468,TEMPLETON,NON UNIQUE,TEMPLETON,69240,"TEMPLETON, TOWN OF",WORCESTER,20.60998671,53379620.5311,41491.821483
02649,MASHPEE,NON UNIQUE,MASHPEE,39065,"MASHPEE, TOWN OF",BARNSTABLE,24.70363238,63982114.1419,89580.3429715
01238,LEE,NON UNIQUE,LEE,34620,"LEE, TOWN OF",BERKSHIRE,32.56869371,84352529.4691,50662.735284
01095,WILBRAHAM,NON UNIQUE,WILBRAHAM,79705,"WILBRAHAM, TOWN OF",HAMPDEN,22.52381122,58336403.2633,38516.5647025
01844,METHUEN,NON UNIQUE,METHUEN,40710,METHUEN,ESSEX,22.49086063,58251061.6159,45980.4454021
01240,LENOX,NON UNIQUE,LENOX,34935,"LENOX, TOWN OF",BERKSHIRE,22.43167513,58097771.8714,39383.6852436
01373,SOUTH DEERFIELD,NON UNIQUE,SOUTH DEERFIELD,63620,"DEERFIELD, TOWN OF",FRANKLIN,22.1071689,57257304.5949,45669.3611914
01752,MARLBOROUGH,NON UNIQUE,MARLBOROUGH,38715,MARLBOROUGH,MIDDLESEX,22.05541144,57123253.3925,33601.166496
01571,DUDLEY,NON UNIQUE,DUDLEY,17650,"DUDLEY, TOWN OF",WORCESTER,21.98818244,56949131.0881,33346.626171
01535,NORTH BROOKFIELD,NON UNIQUE,NORTH BROOKFIELD,47100,"NORTH BROOKFIELD, TOWN OF",WORCESTER,21.97967868,56927106.4407,31445.0873155
01451,HARVARD,NON UNIQUE,HARVARD,28915,"HARVARD, TOWN OF",WORCESTER,21.84365457,56574805.616,40544.6571071
02359,PEMBROKE,NON UNIQUE,PEMBROKE,52595,"PEMBROKE, TOWN OF",PLYMOUTH,23.46689056,60778967.5355,44067.3216276
01463,PEPPERELL,NON UNIQUE,PEPPERELL,52770,"PEPPERELL, TOWN OF",MIDDLESEX,23.43765186,60703239.6323,58932.3256276
02777,SWANSEA,NON UNIQUE,SWANSEA,68715,"SWANSEA, TOWN OF",BRISTOL,22.98649468,59534747.9049,70204.0384834
01585,WEST BROOKFIELD,NON UNIQUE,WEST BROOKFIELD,75365,"WEST BROOKFIELD, TOWN OF",WORCESTER,22.95784593,59460548.0022,54922.8198628
01220,ADAMS,NON UNIQUE,ADAMS,00590,"ADAMS, TOWN OF",BERKSHIRE,22.91794076,59357194.0626,31131.7841606
02748,SOUTH DARTMOUTH,NON UNIQUE,SOUTH DARTMOUTH,63585,"DARTMOUTH, TOWN OF",BRISTOL,22.91723671,59355370.5942,91057.3440742
01077,SOUTHWICK,NON UNIQUE,SOUTHWICK,65790,"SOUTHWICK, TOWN OF",HAMPDEN,31.51247451,81616934.3018,43378.3088309
01886,WESTFORD,NON UNIQUE,WESTFORD,76100,"WESTFORD, TOWN OF",MIDDLESEX,31.42984805,81402932.7458,37523.629026
01420,FITCHBURG,NON UNIQUE,FITCHBURG,23875,FITCHBURG,WORCESTER,31.10616995,80564610.3134,51186.9957953
01225,CHESHIRE,NON UNIQUE,CHESHIRE,13310,"CHESHIRE, TOWN OF",BERKSHIRE,30.26642936,78389692.1852,45697.3133959
01037,HARDWICK,PO BOX,HARDWICK,28705,"HARDWICK, TOWN OF",WORCESTER,29.94198815,77549393.2931,55862.1720919
01073,SOUTHAMPTON,NON UNIQUE,SOUTHAMPTON,62710,"SOUTHAMPTON, TOWN OF",HAMPSHIRE,28.9916689,75088077.7458,42901.0440324
01270,WINDSOR,NON UNIQUE,WINDSOR,80650,"WINDSOR, TOWN OF",BERKSHIRE,28.86860859,74769352.9909,38086.7127182
01033,GRANBY,NON UNIQUE,GRANBY,26500,"GRANBY, TOWN OF",HAMPSHIRE,28.61832318,74121116.7735,35052.658321
02539,EDGARTOWN,NON UNIQUE,EDGARTOWN,21115,"EDGARTOWN, TOWN OF",DUKES,28.54978185,73943595.5408,111541.085088
02324,BRIDGEWATER,NON UNIQUE,BRIDGEWATER,08050,"BRIDGEWATER, TOWN OF",PLYMOUTH,28.40630877,73572001.9699,39263.038643
01056,LUDLOW,NON UNIQUE,LUDLOW,37210,"LUDLOW, TOWN OF",HAMPDEN,28.30690691,73314552.3238,36965.5832563
01301,GREENFIELD,NON UNIQUE,GREENFIELD,27060,"GREENFIELD, TOWN OF",FRANKLIN,28.15138404,72911749.95,51526.2047027
01523,LANCASTER,NON UNIQUE,LANCASTER,34130,"LANCASTER, TOWN OF",WORCESTER,26.87742139,69612201.8369,45857.3546877
01569,UXBRIDGE,NON UNIQUE,UXBRIDGE,71585,"UXBRIDGE, TOWN OF",WORCESTER,29.82610683,77249262.0605,58511.5683281
02766,NORTON,NON UNIQUE,NORTON,49935,"NORTON, TOWN OF",BRISTOL,29.65786219,76813510.4284,39943.4121676
02050,MARSHFIELD,NON UNIQUE,MARSHFIELD,38820,"MARSHFIELD, TOWN OF",PLYMOUTH,29.37946016,76092452.5016,107036.043747
01050,HUNTINGTON,NON UNIQUE,HUNTINGTON,31750,"HUNTINGTON, TOWN OF",HAMPSHIRE,29.24912802,75754893.7925,49234.3903625
01351,MONTAGUE,NON UNIQUE,MONTAGUE,42250,"MONTAGUE, TOWN OF",FRANKLIN,19.90053091,51542138.4365,37162.2481228
02542,BUZZARDS BAY,NON UNIQUE,BUZZARDS BAY,10015,"BOURNE, TOWN OF",BARNSTABLE,19.79713837,51274352.9813,44848.8704093
01253,OTIS,NON UNIQUE,OTIS,51545,"OTIS, TOWN OF",BERKSHIRE,31.73196075,82185401.0576,54986.7182843
01564,STERLING,NON UNIQUE,STERLING,67350,"STERLING, TOWN OF",WORCESTER,31.6377299,81941344.2736,39114.435585
01566,STURBRIDGE,NON UNIQUE,STURBRIDGE,68120,"STURBRIDGE, TOWN OF",WORCESTER,27.98352067,72476985.82,47728.7708577
01379,WENDELL,NON UNIQUE,WENDELL,74490,"WENDELL, TOWN OF",FRANKLIN,27.93233082,72344404.7014,64254.1437662
01748,HOPKINTON,NON UNIQUE,HOPKINTON,31050,"HOPKINTON, TOWN OF",MIDDLESEX,27.89493219,72247542.7134,36460.0016215
01462,LUNENBURG,NON UNIQUE,LUNENBURG,37385,"LUNENBURG, TOWN OF",WORCESTER,27.82378246,72063265.7446,38685.9085302
01367,ROWE,NON UNIQUE,ROWE,58300,"ROWE, TOWN OF",FRANKLIN,27.80247468,72008078.8375,48543.2648254
02703,ATTLEBORO,NON UNIQUE,ATTLEBORO,02690,ATTLEBORO,BRISTOL,27.75696424,71890207.3388,40211.8872771
01845,NORTH ANDOVER,NON UNIQUE,NORTH ANDOVER,46400,"NORTH ANDOVER, TOWN OF",ESSEX,27.64508802,71600449.2755,39405.1109844
01330,ASHFIELD,NON UNIQUE,ASHFIELD,02060,"ASHFIELD, TOWN OF",FRANKLIN,27.47277368,71154157.1732,48207.1000497
02536,EAST FALMOUTH,NON UNIQUE,EAST FALMOUTH,18980,"FALMOUTH, TOWN OF",BARNSTABLE,27.42254823,71024073.8686,97259.3269058
01930,GLOUCESTER,NON UNIQUE,GLOUCESTER,26150,GLOUCESTER,ESSEX,27.13476012,70278706.0699,124809.656854
02038,FRANKLIN,NON UNIQUE,FRANKLIN,25100,FRANKLIN,NORFOLK,27.03857,70029574.8178,41963.3391722
02067,SHARON,NON UNIQUE,SHARON,60820,"SHARON, TOWN OF",NORFOLK,24.20293853,62685323.0307,34989.9391935
02767,RAYNHAM,NON UNIQUE,RAYNHAM,56025,"RAYNHAM, TOWN OF",BRISTOL,23.79636293,61632297.0443,47863.1315119
01054,LEVERETT,NON UNIQUE,LEVERETT,35145,"LEVERETT, TOWN OF",FRANKLIN,23.52520636,60930004.7649,34310.0850057
02481,WELLESLEY HILLS,NON UNIQUE,WELLESLEY HILLS,74315,"WELLESLEY, TOWN OF",NORFOLK,5.9040674,15291464.359,23319.267102
01011,CHESTER,NON UNIQUE,CHESTER,13450,"CHESTER, TOWN OF",HAMPDEN,25.95050806,67211507.3348,36468.5334173
01440,GARDNER,NON UNIQUE,GARDNER,25485,GARDNER,WORCESTER,25.74279684,66673537.7377,46694.279668
02332,DUXBURY,NON UNIQUE,DUXBURY,17860,"DUXBURY, TOWN OF",PLYMOUTH,23.58936801,61096182.6778,72180.1474445
01040,HOLYOKE,NON UNIQUE,HOLYOKE,30840,HOLYOKE,HAMPDEN,22.76480917,58960585.0689,39699.3361362
02043,HINGHAM,NON UNIQUE,HINGHAM,30175,"HINGHAM, TOWN OF",PLYMOUTH,22.7094426,58817186.3317,60062.6417574
02652,NORTH TRURO,PO BOX,NORTH TRURO,49515,"TRURO, TOWN OF",BARNSTABLE,7.70688699,19960745.6673,26358.9355304
02343,HOLBROOK,NON UNIQUE,HOLBROOK,30420,"HOLBROOK, TOWN OF",NORFOLK,7.37583002,19094392.1442,18177.2822818
01966,ROCKPORT,NON UNIQUE,ROCKPORT,57845,"ROCKPORT, TOWN OF",ESSEX,7.35399402,19046757.0818,29182.1766947
01510,CLINTON,NON UNIQUE,CLINTON,14430,"CLINTON, TOWN OF",WORCESTER,7.28250059,18861589.9401,19154.3126928
01453,LEOMINSTER,NON UNIQUE,LEOMINSTER,35075,LEOMINSTER,WORCESTER,26.21881287,67906413.6002,47229.1485825
01431,ASHBY,NON UNIQUE,ASHBY,01920,"ASHBY, TOWN OF",MIDDLESEX,24.12791395,62491010.2545,35456.7205638
01258,SOUTH EGREMONT,PO BOX,SOUTH EGREMONT,63760,"MT WASHINGTON, TOWN OF",BERKSHIRE,25.56104976,66202814.9651,38373.260618
01245,MONTEREY,NON UNIQUE,MONTEREY,42425,"MONTEREY, TOWN OF",BERKSHIRE,25.25721047,65415874.8065,36793.8047226
02631,BREWSTER,NON UNIQUE,BREWSTER,07945,"BREWSTER, TOWN OF",BARNSTABLE,25.20236634,65273829.1686,41036.2042402
01072,SHUTESBURY,NON UNIQUE,SHUTESBURY,61870,"SHUTESBURY, TOWN OF",FRANKLIN,25.10603367,65024328.6871,36211.7510704
01776,SUDBURY,NON UNIQUE,SUDBURY,68225,"SUDBURY, TOWN OF",MIDDLESEX,24.72143642,64028226.3893,37917.4405618
01035,HADLEY,NON UNIQUE,HADLEY,27655,"HADLEY, TOWN OF",HAMPSHIRE,24.54395228,63568544.5785,52176.6205242
01921,BOXFORD,NON UNIQUE,BOXFORD,07385,"BOXFORD, TOWN OF",ESSEX,24.40552734,63210025.6352,42587.6861597
01104,SPRINGFIELD,NON UNIQUE,SPRINGFIELD,67000,SPRINGFIELD,HAMPDEN,5.82433271,15084952.4754,24911.8955487
02664,SOUTH YARMOUTH,NON UNIQUE,SOUTH YARMOUTH,66035,"YARMOUTH, TOWN OF",BARNSTABLE,7.27037416,18830182.624,28296.4337931
02538,EAST WAREHAM,NON UNIQUE,EAST WAREHAM,20765,"WAREHAM, TOWN OF",PLYMOUTH,7.15540936,18532425.1678,32597.8896702
02655,OSTERVILLE,NON UNIQUE,OSTERVILLE,51510,BARNSTABLE,BARNSTABLE,6.6879147,17321619.5551,48869.3526697
02644,FORESTDALE,NON UNIQUE,FORESTDALE,24190,"SANDWICH, TOWN OF",BARNSTABLE,6.76138228,17511899.7217,24198.6104282
02420,LEXINGTON,NON UNIQUE,LEXINGTON,35250,"LEXINGTON, TOWN OF",MIDDLESEX,6.72985299,17430239.219,23114.8938357
02180,STONEHAM,NON UNIQUE,STONEHAM,67700,"STONEHAM, TOWN OF",MIDDLESEX,6.52967935,16911791.8664,18523.8399743
01890,WINCHESTER,NON UNIQUE,WINCHESTER,80545,"WINCHESTER, TOWN OF",MIDDLESEX,6.33133579,16398084.4118,18931.1699406
02451,WALTHAM,NON UNIQUE,WALTHAM,72600,WALTHAM,MIDDLESEX,6.03202378,15622869.8594,20906.9255494
01605,WORCESTER,NON UNIQUE,WORCESTER,82000,WORCESTER,WORCESTER,6.02581551,15606790.5368,31918.4162223
01537,NORTH OXFORD,NON UNIQUE,NORTH OXFORD,48675,"OXFORD, TOWN OF",WORCESTER,5.93527472,15372290.9465,16772.6859937
01606,WORCESTER,NON UNIQUE,WORCESTER,82000,WORCESTER,WORCESTER,5.91677304,15324371.8269,20457.1553529
01602,WORCESTER,NON UNIQUE,WORCESTER,82000,WORCESTER,WORCESTER,5.79556491,15010444.1966,23440.4139053
02638,DENNIS,NON UNIQUE,DENNIS,16740,"DENNIS, TOWN OF",BARNSTABLE,5.75782751,14912704.7908,28041.8367764
02151,REVERE,NON UNIQUE,REVERE,56585,REVERE,SUFFOLK,6.20007829,16063277.5568,28198.2017779
01013,CHICOPEE,NON UNIQUE,CHICOPEE,13660,CHICOPEE,HAMPDEN,6.17874852,16002885.1897,29420.0829253
01604,WORCESTER,NON UNIQUE,WORCESTER,82000,WORCESTER,WORCESTER,6.95478238,18012803.6845,22327.0892496
02382,WHITMAN,NON UNIQUE,WHITMAN,79565,"WHITMAN, TOWN OF",PLYMOUTH,6.87364688,17802663.6867,18318.5221994
01349,MILLERS FALLS,NON UNIQUE,MILLERS FALLS,41410,"MONTAGUE, TOWN OF",FRANKLIN,6.79667982,17603319.9089,27165.1666238
01880,WAKEFIELD,NON UNIQUE,WAKEFIELD,72250,"WAKEFIELD, TOWN OF",MIDDLESEX,7.93378999,20548421.7489,21921.2580379
02190,SOUTH WEYMOUTH,NON UNIQUE,SOUTH WEYMOUTH,65720,"WEYMOUTH, TOWN OF",NORFOLK,7.77138409,20171236.1946,24479.4565425
01852,LOWELL,NON UNIQUE,LOWELL,37000,LOWELL,MIDDLESEX,4.98826343,12919542.9728,30463.6966149
01032,GOSHEN,NON UNIQUE,GOSHEN,26255,"GOSHEN, TOWN OF",HAMPSHIRE,4.87502661,12626260.9657,22925.0174549
02726,SOMERSET,NON UNIQUE,SOMERSET,62465,"SOMERSET, TOWN OF",BRISTOL,5.81406387,15058356.2971,27106.356619
01088,WEST HATFIELD,NON UNIQUE,WEST HATFIELD,76485,"HATFIELD, TOWN OF",HAMPSHIRE,5.80545988,15036072.0509,20228.6215603
01070,PLAINFIELD,NON UNIQUE,PLAINFIELD,53995,"PLAINFIELD, TOWN OF",HAMPSHIRE,19.14670368,49589734.872,32163.2801742
02021,CANTON,NON UNIQUE,CANTON,11350,"CANTON, TOWN OF",NORFOLK,19.02226963,49268389.0574,33245.174329
02364,KINGSTON,NON UNIQUE,KINGSTON,33185,"KINGSTON, TOWN OF",PLYMOUTH,18.95810695,49101271.5961,35900.6374868
02721,FALL RIVER,NON UNIQUE,FALL RIVER,23000,FALL RIVER,BRISTOL,5.75393712,14902628.7295,33307.4045247
02635,COTUIT,NON UNIQUE,COTUIT,15515,BARNSTABLE,BARNSTABLE,5.69000413,14737043.0322,28908.7052403
01342,DEERFIELD,NON UNIQUE,DEERFIELD,16635,"DEERFIELD, TOWN OF",FRANKLIN,19.72516246,51087936.2455,37906.8089019
01036,HAMPDEN,NON UNIQUE,HAMPDEN,28040,"HAMPDEN, TOWN OF",HAMPDEN,19.64372813,50877022.2852,29801.6221417
01226,DALTON,NON UNIQUE,DALTON,16215,"DALTON, TOWN OF",BERKSHIRE,19.59946819,50762389.5684,35695.3908094
02717,EAST FREETOWN,NON UNIQUE,EAST FREETOWN,19120,"FREETOWN, TOWN OF",BRISTOL,19.49451905,50490572.5379,38024.406198
02571,WAREHAM,NON UNIQUE,WAREHAM,72950,"WAREHAM, TOWN OF",PLYMOUTH,19.28675957,49952477.9703,97669.4196945
02532,BUZZARDS BAY,NON UNIQUE,BUZZARDS BAY,10015,"BOURNE, TOWN OF",BARNSTABLE,19.06934684,49389381.5801,70036.0981685
01746,HOLLISTON,NON UNIQUE,HOLLISTON,30735,"HOLLISTON, TOWN OF",MIDDLESEX,18.92314106,49010710.3515,33616.0745753
02019,BELLINGHAM,NON UNIQUE,BELLINGHAM,04965,"BELLINGHAM, TOWN OF",NORFOLK,18.92076166,49004547.7278,34878.3695772
01505,BOYLSTON,NON UNIQUE,BOYLSTON,07490,"BOYLSTON, TOWN OF",WORCESTER,18.74784871,48556705.2361,34745.9921413
01532,NORTHBOROUGH,NON UNIQUE,NORTHBOROUGH,46785,"NORTHBOROUGH, TOWN OF",WORCESTER,18.69268075,48413820.8989,30199.3052134
02740,NEW BEDFORD,NON UNIQUE,NEW BEDFORD,45000,NEW BEDFORD,BRISTOL,5.63284471,14589000.8247,25323.0695548
01109,SPRINGFIELD,NON UNIQUE,SPRINGFIELD,67000,SPRINGFIELD,HAMPDEN,5.49722773,14237754.4606,20811.5326848
01747,HOPEDALE,NON UNIQUE,HOPEDALE,30980,"HOPEDALE, TOWN OF",WORCESTER,5.43176771,14068213.7924,21026.4641576
01754,MAYNARD,NON UNIQUE,MAYNARD,39660,"MAYNARD, TOWN OF",MIDDLESEX,5.3755576,13922630.2714,14721.567192
02132,WEST ROXBURY,NON UNIQUE,WEST ROXBURY,77710,BOSTON,SUFFOLK,5.35024886,13083454.04,19520.2159605
01026,CUMMINGTON,NON UNIQUE,CUMMINGTON,16005,"WINDSOR, TOWN OF",BERKSHIRE,5.21486287,13506432.83,19470.5112655
01022,CHICOPEE,NON UNIQUE,CHICOPEE,13660,CHICOPEE,HAMPDEN,5.13362779,13296034.937,15546.289391
02459,NEWTON CENTER,NON UNIQUE,NEWTON CENTER,45595,NEWTON,MIDDLESEX,5.0984046,13209633.0922,23532.7732881
02148,MALDEN,NON UNIQUE,MALDEN,37875,MALDEN,MIDDLESEX,5.06604148,13120987.199,18719.0194195
02559,POCASSET,NON UNIQUE,POCASSET,54450,"BOURNE, TOWN OF",BARNSTABLE,5.0456276,13068115.4932,46764.8414144
01529,MILLVILLE,NON UNIQUE,MILLVILLE,41620,"MILLVILLE, TOWN OF",WORCESTER,5.04278197,13060745.3419,23858.5502154
02128,EAST BOSTON,NON UNIQUE,EAST BOSTON,18280,BOSTON,SUFFOLK,5.03662929,13039636.6866,37413.9456197
02482,WELLESLEY,NON UNIQUE,WELLESLEY,74210,"WELLESLEY, TOWN OF",NORFOLK,4.86989379,12612967.0034,25467.3217622
01905,LYNN,NON UNIQUE,LYNN,37490,LYNN,ESSEX,4.86558319,12601802.602,23492.8807153
02176,MELROSE,NON UNIQUE,MELROSE,40115,MELROSE,MIDDLESEX,4.76891454,12351431.9579,15250.3678651
02478,BELMONT,NON UNIQUE,BELMONT,05105,"BELMONT, TOWN OF",MIDDLESEX,4.70109307,12175775.1558,16462.7617493
01376,TURNERS FALLS,NON UNIQUE,TURNERS FALLS,70815,"MONTAGUE, TOWN OF",FRANKLIN,4.60415993,11924719.4821,23712.4901172
01053,LEEDS,NON UNIQUE,LEEDS,34725,NORTHAMPTON,HAMPSHIRE,4.5818973,11867059.5247,15717.3462502
02630,BARNSTABLE,NON UNIQUE,BARNSTABLE,03600,BARNSTABLE,BARNSTABLE,4.29315241,11119213.7029,22463.1771171
02556,NORTH FALMOUTH,NON UNIQUE,NORTH FALMOUTH,47730,"FALMOUTH, TOWN OF",BARNSTABLE,4.24815583,11002673.0942,23156.718528
02743,ACUSHNET,NON UNIQUE,ACUSHNET,00485,"ACUSHNET, TOWN OF",BRISTOL,18.3472538,47519169.1953,31169.0671999
01824,CHELMSFORD,NON UNIQUE,CHELMSFORD,13100,"CHELMSFORD, TOWN OF",MIDDLESEX,18.1405142,46983716.077,31095.8178158
01775,STOW,NON UNIQUE,STOW,68015,"STOW, TOWN OF",MIDDLESEX,17.99819497,46615110.9806,28896.6370303
01756,MENDON,NON UNIQUE,MENDON,40220,"MENDON, TOWN OF",WORCESTER,17.98531918,46581762.831,31550.2179778
02645,HARWICH,NON UNIQUE,HARWICH,28985,HARWICH,BARNSTABLE,17.91297128,46394382.6228,42539.5257362
02081,WALPOLE,NON UNIQUE,WALPOLE,72460,"WALPOLE, TOWN OF",NORFOLK,17.88059135,46310519.005,40922.0225963
01062,FLORENCE,NON UNIQUE,FLORENCE,24050,NORTHAMPTON,HAMPSHIRE,17.85836956,46252964.8342,44371.7776721
01969,ROWLEY,NON UNIQUE,ROWLEY,58370,"ROWLEY, TOWN OF",ESSEX,17.76656333,46015187.7858,73618.2454019
02322,AVON,NON UNIQUE,AVON,02970,"AVON, TOWN OF",NORFOLK,4.51614029,11696749.6547,14661.2666041
01434,DEVENS,NON UNIQUE,DEVENS,16840,"HARVARD, TOWN OF",WORCESTER,4.49453182,11640783.9722,16075.0502224
01945,MARBLEHEAD,NON UNIQUE,MARBLEHEAD,38435,"MARBLEHEAD, TOWN OF",ESSEX,4.4646786,11563464.4913,31567.5343728
12125,NEW LEBANON,NON UNIQUE,NEW LEBANON,50441,"HANCOCK, TOWN OF",BERKSHIRE,4.46073947,11553262.1787,18205.1696337
02136,HYDE PARK,NON UNIQUE,HYDE PARK,31960,BOSTON,SUFFOLK,4.44098684,11744285.76,19685.072866
01863,NORTH CHELMSFORD,NON UNIQUE,NORTH CHELMSFORD,47310,"CHELMSFORD, TOWN OF",MIDDLESEX,4.80271258,12438968.4795,18332.6724704
01346,HEATH,NON UNIQUE,HEATH,29615,"HEATH, TOWN OF",FRANKLIN,4.80192654,12436932.6458,22802.0741583
01603,WORCESTER,NON UNIQUE,WORCESTER,82000,WORCESTER,WORCESTER,4.77564454,12368862.5751,22853.5134381
02779,BERKLEY,NON UNIQUE,BERKLEY,05245,"BERKLEY, TOWN OF",BRISTOL,16.82464022,43575618.1296,38096.4153597
02066,SCITUATE,NON UNIQUE,SCITUATE,60295,"SCITUATE, TOWN OF",PLYMOUTH,16.79866201,43508334.8727,65065.9102793
01506,BROOKFIELD,NON UNIQUE,BROOKFIELD,09070,"BROOKFIELD, TOWN OF",WORCESTER,16.75592443,43397645.0559,33655.5627221
01960,PEABODY,NON UNIQUE,PEABODY,52490,PEABODY,ESSEX,16.73734506,43349524.6976,29715.3164891
02771,SEEKONK,NON UNIQUE,SEEKONK,60680,"SEEKONK, TOWN OF",BRISTOL,18.68388184,48391031.8062,36690.2125744
01071,RUSSELL,NON UNIQUE,RUSSELL,58615,"RUSSELL, TOWN OF",HAMPDEN,18.38903068,47627370.8165,31773.3886094
02760,NORTH ATTLEBORO,NON UNIQUE,NORTH ATTLEBORO,46505,"NORTH ATTLEBOROUGH, TOWN OF",BRISTOL,18.38782614,47624251.0662,42269.787682
01770,SHERBORN,NON UNIQUE,SHERBORN,61345,"SHERBORN, TOWN OF",MIDDLESEX,16.12961653,41775515.0363,30307.5864719
01464,SHIRLEY,NON UNIQUE,SHIRLEY,61555,"SHIRLEY, TOWN OF",MIDDLESEX,15.9855142,41402291.7018,33064.9984113
02653,ORLEANS,NON UNIQUE,ORLEANS,51405,"ORLEANS, TOWN OF",BARNSTABLE,15.91339534,41215504.7109,112168.22939
01778,WAYLAND,NON UNIQUE,WAYLAND,73755,"WAYLAND, TOWN OF",MIDDLESEX,15.89426224,41165950.2304,51931.6772553
01879,TYNGSBORO,NON UNIQUE,TYNGSBORO,70955,"TYNGSBOROUGH, TOWN OF",MIDDLESEX,17.63680648,45679119.0718,60994.0314751
02333,EAST BRIDGEWATER,NON UNIQUE,EAST BRIDGEWATER,18420,"EAST BRIDGEWATER, TOWN OF",PLYMOUTH,17.59598057,45573380.4533,29554.085003
01827,DUNSTABLE,NON UNIQUE,DUNSTABLE,17790,"DUNSTABLE, TOWN OF",MIDDLESEX,16.72090085,43306934.3898,30247.6709554
01012,CHESTERFIELD,NON UNIQUE,CHESTERFIELD,13555,"CHESTERFIELD, TOWN OF",HAMPSHIRE,16.63193679,43076518.5237,42119.5830884
01501,AUBURN,NON UNIQUE,AUBURN,02795,"AUBURN, TOWN OF",WORCESTER,16.61910165,43043275.6808,27286.502305
02072,STOUGHTON,NON UNIQUE,STOUGHTON,67980,"STOUGHTON, TOWN OF",NORFOLK,16.54588958,42853657.2696,31871.4253522
01527,MILLBURY,NON UNIQUE,MILLBURY,41305,"MILLBURY, TOWN OF",WORCESTER,16.44778635,42599571.0804,32293.4522301
01028,EAST LONGMEADOW,NON UNIQUE,EAST LONGMEADOW,19680,"EAST LONGMEADOW, TOWN OF",HAMPDEN,12.9900184,33643993.1988,24249.2201281
01801,WOBURN,NON UNIQUE,WOBURN,81035,WOBURN,MIDDLESEX,12.92433916,33473884.7434,27497.9675495
01522,JEFFERSON,NON UNIQUE,JEFFERSON,32590,"HOLDEN, TOWN OF",WORCESTER,15.86943088,41101637.2945,36267.7591092
01760,NATICK,NON UNIQUE,NATICK,43930,"NATICK, TOWN OF",MIDDLESEX,15.77607703,40859851.93,40212.9976815
02720,FALL RIVER,NON UNIQUE,FALL RIVER,23000,FALL RIVER,BRISTOL,15.73243933,40746830.7937,40083.8556217
01951,NEWBURY,NON UNIQUE,NEWBURY,45175,"NEWBURY, TOWN OF",ESSEX,17.72522513,45908122.3403,140674.575659
01089,WEST SPRINGFIELD,NON UNIQUE,WEST SPRINGFIELD,77885,"WEST SPRINGFIELD, TOWN OF",HAMPDEN,17.56702447,45498384.5145,34944.0856255
01701,FRAMINGHAM,NON UNIQUE,FRAMINGHAM,24960,"FRAMINGHAM, TOWN OF",MIDDLESEX,17.50691851,45342710.7843,36182.3473317
02563,SANDWICH,NON UNIQUE,SANDWICH,59700,"SANDWICH, TOWN OF",BARNSTABLE,17.44457133,45181232.3359,73111.2114135
02338,HALIFAX,NON UNIQUE,HALIFAX,27760,"HALIFAX, TOWN OF",PLYMOUTH,17.42146964,45121399.2327,30277.3122508
02739,MATTAPOISETT,NON UNIQUE,MATTAPOISETT,39415,"MATTAPOISETT, TOWN OF",PLYMOUTH,17.41307061,45099645.8381,58130.2790411
02493,WESTON,NON UNIQUE,WESTON,77290,"WESTON, TOWN OF",MIDDLESEX,17.3284727,44880538.2489,32405.8484069
01524,LEICESTER,NON UNIQUE,LEICESTER,34760,"LEICESTER, TOWN OF",WORCESTER,17.2384681,44647427.422,31699.6928097
01460,LITTLETON,NON UNIQUE,LITTLETON,35915,"LITTLETON, TOWN OF",MIDDLESEX,17.23051935,44626840.2347,30006.767122
01887,WILMINGTON,NON UNIQUE,WILMINGTON,80195,"WILMINGTON, TOWN OF",MIDDLESEX,17.13941417,44390878.9182,31464.1786861
01075,SOUTH HADLEY,NON UNIQUE,SOUTH HADLEY,64110,"SOUTH HADLEY, TOWN OF",HAMPSHIRE,17.10297367,44296498.4609,30978.5516811
01821,BILLERICA,NON UNIQUE,BILLERICA,05770,"BILLERICA, TOWN OF",MIDDLESEX,17.01223411,44061484.0666,41594.9286174
01050,HUNTINGTON,NON UNIQUE,HUNTINGTON,31750,"CHESTER, TOWN OF",HAMPDEN,16.9885371,44000109.0918,54854.8514373
02668,WEST BARNSTABLE,NON UNIQUE,WEST BARNSTABLE,74805,BARNSTABLE,BARNSTABLE,16.91601285,43812272.1602,85300.2567538
02702,ASSONET,NON UNIQUE,ASSONET,02340,"FREETOWN, TOWN OF",BRISTOL,16.89180252,43749567.6869,35293.7549734
02339,HANOVER,NON UNIQUE,HANOVER,28250,"HANOVER, TOWN OF",PLYMOUTH,15.61457403,40441561.0928,29442.517025
01612,PAXTON,NON UNIQUE,PAXTON,52385,"PAXTON, TOWN OF",WORCESTER,15.56045276,40301387.6263,32042.4584965
01757,MILFORD,NON UNIQUE,MILFORD,41200,"MILFORD, TOWN OF",WORCESTER,15.50189408,40149721.3566,30607.2573283
01772,SOUTHBOROUGH,NON UNIQUE,SOUTHBOROUGH,63130,"SOUTHBOROUGH, TOWN OF",WORCESTER,15.3194387,39677164.0749,29967.1006253
02030,DOVER,NON UNIQUE,DOVER,17370,"DOVER, TOWN OF",NORFOLK,15.30453414,39638561.4646,41977.5471706
01081,WALES,NON UNIQUE,WALES,72355,"WALES, TOWN OF",HAMPDEN,15.08317281,39065238.2495,29209.3900762
02367,PLYMPTON,NON UNIQUE,PLYMPTON,54380,"PLYMPTON, TOWN OF",PLYMOUTH,15.01761861,38895453.634,27436.4764003
01375,SUNDERLAND,NON UNIQUE,SUNDERLAND,68365,"SUNDERLAND, TOWN OF",FRANKLIN,15.01391069,38885850.1718,26526.9467372
01583,WEST BOYLSTON,NON UNIQUE,WEST BOYLSTON,75120,"WEST BOYLSTON, TOWN OF",WORCESTER,14.7720409,38259410.2845,36760.7324804
02052,MEDFIELD,NON UNIQUE,MEDFIELD,39730,"MEDFIELD, TOWN OF",NORFOLK,14.56583703,37725344.7158,33003.2355148
01354,GILL,NON UNIQUE,GILL,25710,"GILL, TOWN OF",FRANKLIN,14.56189331,37715130.5289,31234.0702273
01830,HAVERHILL,NON UNIQUE,HAVERHILL,29405,HAVERHILL,ESSEX,14.41456623,37333555.1506,31222.4933871
01254,RICHMOND,NON UNIQUE,RICHMOND,56760,"RICHMOND, TOWN OF",BERKSHIRE,14.38494815,37256844.6608,31280.5039597
02356,NORTH EASTON,NON UNIQUE,NORTH EASTON,47625,"EASTON, TOWN OF",BRISTOL,14.25556434,36921742.1538,38519.6430076
02642,EASTHAM,NON UNIQUE,EASTHAM,19260,"EASTHAM, TOWN OF",BARNSTABLE,14.0863438,36483462.9683,65224.2321846
01011,CHESTER,NON UNIQUE,CHESTER,13450,"MIDDLEFIELD, TOWN OF",HAMPSHIRE,13.88726585,35967853.4392,29353.9299635
01262,STOCKBRIDGE,PO BOX,STOCKBRIDGE,67560,"STOCKBRIDGE, TOWN OF",BERKSHIRE,15.01129688,38879080.4334,34293.1032899
01982,SOUTH HAMILTON,NON UNIQUE,SOUTH HAMILTON,64215,"HAMILTON, TOWN OF",ESSEX,14.81697173,38375780.5983,37048.0206388
02375,SOUTH EASTON,NON UNIQUE,SOUTH EASTON,63725,"EASTON, TOWN OF",BRISTOL,14.81273801,38364815.3189,39621.6158312
01915,BEVERLY,NON UNIQUE,BEVERLY,05595,BEVERLY,ESSEX,14.76571835,38243034.9568,50712.0830479
02056,NORFOLK,NON UNIQUE,NORFOLK,46015,"NORFOLK, TOWN OF",NORFOLK,15.49352305,40128040.4777,29378.5121492
02341,HANSON,NON UNIQUE,HANSON,28460,"HANSON, TOWN OF",PLYMOUTH,15.49169269,40123299.8591,31991.6638892
01952,SALISBURY,NON UNIQUE,SALISBURY,59210,"SALISBURY, TOWN OF",ESSEX,15.4487442,40012063.7967,62145.8963609
01741,CARLISLE,NON UNIQUE,CARLISLE,11490,"CARLISLE, TOWN OF",MIDDLESEX,15.42731179,39956554.1002,25074.3409101
01521,HOLLAND,NON UNIQUE,HOLLAND,30630,"HOLLAND, TOWN OF",HAMPDEN,12.90688812,33428686.7805,24560.695571
01721,ASHLAND,NON UNIQUE,ASHLAND,02165,"ASHLAND, TOWN OF",MIDDLESEX,12.88951639,33383694.1966,26068.2454496
01060,NORTHAMPTON,NON UNIQUE,NORTHAMPTON,46330,NORTHAMPTON,HAMPSHIRE,12.61519461,32673204.0343,39955.5123473
02301,BROCKTON,NON UNIQUE,BROCKTON,09000,BROCKTON,PLYMOUTH,12.59871864,32630531.4784,26242.2713694
01020,CHICOPEE,NON UNIQUE,CHICOPEE,13660,CHICOPEE,HAMPDEN,12.5848217,32594538.5688,44518.2874541
02719,FAIRHAVEN,NON UNIQUE,FAIRHAVEN,22165,"FAIRHAVEN, TOWN OF",BRISTOL,12.48580136,32338077.0739,65726.6670908
01949,MIDDLETON,NON UNIQUE,MIDDLETON,41130,"MIDDLETON, TOWN OF",ESSEX,14.50522906,37568370.7877,28914.2256848
01570,WEBSTER,NON UNIQUE,WEBSTER,73930,"WEBSTER, TOWN OF",WORCESTER,14.5042978,37565958.8428,25740.3098156
01344,ERVING,NON UNIQUE,ERVING,21745,"ERVING, TOWN OF",FRANKLIN,14.43709841,37391913.2222,36267.1290758
02184,BRAINTREE,NON UNIQUE,BRAINTREE,07700,"BRAINTREE, TOWN OF",NORFOLK,14.42976096,37329758.5536,30104.9231073
02379,WEST BRIDGEWATER,NON UNIQUE,WEST BRIDGEWATER,75225,"WEST BRIDGEWATER, TOWN OF",PLYMOUTH,15.65883331,40556192.0944,26853.3879609
02054,MILLIS,NON UNIQUE,MILLIS,41480,"MILLIS, TOWN OF",NORFOLK,11.97150548,31006056.859,30378.9323219
01749,HUDSON,NON UNIQUE,HUDSON,31575,"HUDSON, TOWN OF",MIDDLESEX,11.89454278,30806724.3696,30686.9102196
01803,BURLINGTON,NON UNIQUE,BURLINGTON,09875,"BURLINGTON, TOWN OF",MIDDLESEX,11.81364592,30597202.4561,24235.8675536
02633,CHATHAM,NON UNIQUE,CHATHAM,12960,"CHATHAM, TOWN OF",BARNSTABLE,11.76654826,30475220.1002,94830.0786077
01343,DRURY,NON UNIQUE,DRURY,17545,"FLORIDA, TOWN OF",BERKSHIRE,10.86544871,28141382.9562,35169.3443221
02062,NORWOOD,NON UNIQUE,NORWOOD,50285,"NORWOOD, TOWN OF",NORFOLK,10.75391176,27852503.5967,21785.0244636
02718,EAST TAUNTON,NON UNIQUE,EAST TAUNTON,20555,TAUNTON,BRISTOL,10.69281858,27694272.9929,28226.2657009
01536,NORTH GRAFTON,NON UNIQUE,NORTH GRAFTON,48010,"GRAFTON, TOWN OF",WORCESTER,9.01724966,23354569.3994,24692.0123906
01432,AYER,NON UNIQUE,AYER,03040,"AYER, TOWN OF",MIDDLESEX,8.96661652,23223430.1618,28467.2722378
02302,BROCKTON,NON UNIQUE,BROCKTON,09000,BROCKTON,PLYMOUTH,8.91587599,23092012.8113,23202.7625745
01038,HATFIELD,NON UNIQUE,HATFIELD,29230,"HATFIELD, TOWN OF",HAMPSHIRE,10.68702294,27679262.3527,25964.0479185
01773,LINCOLN,NON UNIQUE,LINCOLN,35390,"LINCOLN, TOWN OF",MIDDLESEX,14.17605338,36715809.6941,31614.0754037
01985,WEST NEWBURY,NON UNIQUE,WEST NEWBURY,77115,"WEST NEWBURY, TOWN OF",ESSEX,14.04268244,36370380.5547,27138.0040205
01923,DANVERS,NON UNIQUE,DANVERS,16285,"DANVERS, TOWN OF",ESSEX,13.79238767,35722120.0817,42177.719331
01929,ESSEX,NON UNIQUE,ESSEX,21815,"ESSEX, TOWN OF",ESSEX,13.66307757,35387208.4611,80996.9698191
02666,TRURO,PO BOX,TRURO,70570,"TRURO, TOWN OF",BARNSTABLE,13.6456308,35342021.5319,44056.7359624
01864,NORTH READING,NON UNIQUE,NORTH READING,48990,"NORTH READING, TOWN OF",MIDDLESEX,13.54211996,35073929.6851,29296.989993
02713,CUTTYHUNK,PO BOX,CUTTYHUNK,16110,"GOSNOLD, TOWN OF",DUKES,13.51681236,35008383.302,92791.8197961
02738,MARION,NON UNIQUE,MARION,38505,"MARION, TOWN OF",PLYMOUTH,13.27331764,34377734.875,56788.9399782
01264,TYRINGHAM,PO BOX,TYRINGHAM,71060,"TYRINGHAM, TOWN OF",BERKSHIRE,13.49442587,34950402.5619,26554.5566391
01730,BEDFORD,NON UNIQUE,BEDFORD,04650,"BEDFORD, TOWN OF",MIDDLESEX,13.45908353,34858866.3271,24142.6359399
02186,MILTON,NON UNIQUE,MILTON,41725,"MILTON, TOWN OF",NORFOLK,13.2975273,34444595.8567,34924.7725818
01913,AMESBURY,NON UNIQUE,AMESBURY,01220,"AMESBURY, TOWN OF",ESSEX,13.20076142,34189815.1083,28487.0860528
01833,GEORGETOWN,NON UNIQUE,GEORGETOWN,25590,"GEORGETOWN, TOWN OF",ESSEX,13.15355149,34067541.9516,24216.1913444
01001,AGAWAM,NON UNIQUE,AGAWAM,00765,AGAWAM,HAMPDEN,12.27864605,31801547.2836,34053.4590493
02540,FALMOUTH,NON UNIQUE,FALMOUTH,23070,"FALMOUTH, TOWN OF",BARNSTABLE,12.19792898,31592491.0341,54194.3193692
01030,FEEDING HILLS,NON UNIQUE,FEEDING HILLS,23455,AGAWAM,HAMPDEN,12.09846946,31334892.0609,30796.8046198
02169,QUINCY,NON UNIQUE,QUINCY,55745,QUINCY,NORFOLK,12.08161026,31295903.4402,53170.1576518
02537,EAST SANDWICH,NON UNIQUE,EAST SANDWICH,20380,"SANDWICH, TOWN OF",BARNSTABLE,11.95072355,30952231.9005,45452.1734562
02762,PLAINVILLE,NON UNIQUE,PLAINVILLE,54065,"PLAINVILLE, TOWN OF",NORFOLK,11.53309661,29870583.0905,23870.8894127
01983,TOPSFIELD,NON UNIQUE,TOPSFIELD,70115,"TOPSFIELD, TOWN OF",ESSEX,11.52084377,29838848.3878,40826.8605343
02564,SIASCONSET,PO BOX,SIASCONSET,61940,"NANTUCKET, TOWN OF",NANTUCKET,11.52059832,29838212.666,48827.4614563
02053,MEDWAY,NON UNIQUE,MEDWAY,39940,"MEDWAY, TOWN OF",NORFOLK,11.51612817,29826635.031,27969.075734
01436,BALDWINVILLE,NON UNIQUE,BALDWINVILLE,03355,"TEMPLETON, TOWN OF",WORCESTER,11.34580759,29385506.76,32069.1562716
01519,GRAFTON,NON UNIQUE,GRAFTON,26395,"GRAFTON, TOWN OF",WORCESTER,10.94144718,28338218.0925,32289.9889149
02368,RANDOLPH,NON UNIQUE,RANDOLPH,55990,"RANDOLPH, TOWN OF",NORFOLK,10.91509072,28257455.2008,26882.0825715
02351,ABINGTON,NON UNIQUE,ABINGTON,00135,"ABINGTON, TOWN OF",PLYMOUTH,10.20660367,26434982.1373,23544.0582305
02370,ROCKLAND,NON UNIQUE,ROCKLAND,57810,"ROCKLAND, TOWN OF",PLYMOUTH,10.13422134,26247512.781,24733.43669
01534,NORTHBRIDGE,NON UNIQUE,NORTHBRIDGE,46890,"NORTHBRIDGE, TOWN OF",WORCESTER,9.99433261,25885202.6363,31955.8312833
02673,WEST YARMOUTH,NON UNIQUE,WEST YARMOUTH,78795,"YARMOUTH, TOWN OF",BARNSTABLE,9.80281756,25389180.9318,45258.4251795
02421,LEXINGTON,NON UNIQUE,LEXINGTON,35250,"LEXINGTON, TOWN OF",MIDDLESEX,9.65624543,25009560.8447,26075.7064982
01106,LONGMEADOW,NON UNIQUE,LONGMEADOW,36335,"LONGMEADOW, TOWN OF",HAMPDEN,9.65233734,24999438.9522,20318.8675128
02576,WEST WAREHAM,NON UNIQUE,WEST WAREHAM,78410,"WAREHAM, TOWN OF",PLYMOUTH,9.52609426,24672470.8731,33169.719353
02660,SOUTH DENNIS,NON UNIQUE,SOUTH DENNIS,63655,"DENNIS, TOWN OF",BARNSTABLE,9.20776746,23848008.2324,40693.3258796
01834,GROVELAND,NON UNIQUE,GROVELAND,27585,"GROVELAND, TOWN OF",ESSEX,9.20026895,23828587.1953,23602.14291
02492,NEEDHAM,NON UNIQUE,NEEDHAM,44140,"NEEDHAM, TOWN OF",NORFOLK,9.17900439,23773512.2206,34784.0772474
01518,FISKDALE,NON UNIQUE,FISKDALE,23840,"STURBRIDGE, TOWN OF",WORCESTER,10.88449441,28190711.1139,29744.6758401
01039,HAYDENVILLE,NON UNIQUE,HAYDENVILLE,29545,"WILLIAMSBURG, TOWN OF",HAMPSHIRE,10.87388025,28163220.5587,32690.567439
01039,HAYDENVILLE,NON UNIQUE,HAYDENVILLE,29545,"WHATELY, TOWN OF",FRANKLIN,10.30562044,26691434.4126,22107.9551297
02764,NORTH DIGHTON,NON UNIQUE,NORTH DIGHTON,47520,"DIGHTON, TOWN OF",BRISTOL,11.29169449,29245354.4756,28496.3605775
01906,SAUGUS,NON UNIQUE,SAUGUS,60050,"SAUGUS, TOWN OF",ESSEX,11.28832437,29236625.8988,41973.5980243
01504,BLACKSTONE,NON UNIQUE,BLACKSTONE,05980,"BLACKSTONE, TOWN OF",WORCESTER,11.21206507,29039115.2308,26871.5639985
02090,WESTWOOD,NON UNIQUE,WESTWOOD,78655,"WESTWOOD, TOWN OF",NORFOLK,11.05434808,28630630.0785,29422.8768267
02715,DIGHTON,NON UNIQUE,DIGHTON,16915,"DIGHTON, TOWN OF",BRISTOL,10.98465124,28450116.0915,36430.6412345
01719,BOXBOROUGH,NON UNIQUE,BOXBOROUGH,07350,"BOXBOROUGH, TOWN OF",MIDDLESEX,10.61615492,27495715.0081,23545.2852675
02745,NEW BEDFORD,NON UNIQUE,NEW BEDFORD,45000,NEW BEDFORD,BRISTOL,10.60601987,27469465.3515,30102.5031697
01940,LYNNFIELD,NON UNIQUE,LYNNFIELD,37595,"LYNNFIELD, TOWN OF",ESSEX,10.43136675,27017115.8663,26336.6242908
02025,COHASSET,NON UNIQUE,COHASSET,14605,"COHASSET, TOWN OF",NORFOLK,10.3688627,26855231.1007,29771.9020517
01515,EAST BROOKFIELD,NON UNIQUE,EAST BROOKFIELD,18595,"EAST BROOKFIELD, TOWN OF",WORCESTER,10.31354603,26711961.5888,25833.516404
01832,HAVERHILL,NON UNIQUE,HAVERHILL,29405,HAVERHILL,ESSEX,11.76249056,30464710.6925,26651.8683566
01235,HINSDALE,NON UNIQUE,HINSDALE,30280,"MIDDLEFIELD, TOWN OF",HAMPSHIRE,11.74628896,30422748.7354,27798.8544659
01474,WEST TOWNSEND,NON UNIQUE,WEST TOWNSEND,78270,"TOWNSEND, TOWN OF",MIDDLESEX,11.64623894,30163620.3753,26079.906704
02188,WEYMOUTH,NON UNIQUE,WEYMOUTH,78900,"WEYMOUTH, TOWN OF",NORFOLK,3.8104665,9885513.27503,21776.9115233
01702,FRAMINGHAM,NON UNIQUE,FRAMINGHAM,24960,"FRAMINGHAM, TOWN OF",MIDDLESEX,8.80651831,22808777.7007,24515.950665
02675,YARMOUTH PORT,NON UNIQUE,YARMOUTH PORT,82595,"YARMOUTH, TOWN OF",BARNSTABLE,8.78231514,22746091.7918,33631.2078344
01922,BYFIELD,NON UNIQUE,BYFIELD,10050,"NEWBURY, TOWN OF",ESSEX,8.73352059,22619714.4824,41952.2448025
01860,MERRIMAC,NON UNIQUE,MERRIMAC,40395,"MERRIMAC, TOWN OF",ESSEX,8.7044458,22544411.1197,19677.3072793
02155,MEDFORD,NON UNIQUE,MEDFORD,39835,MEDFORD,MIDDLESEX,8.51783356,22061087.6421,36044.8872208
02632,CENTERVILLE,NON UNIQUE,CENTERVILLE,12085,BARNSTABLE,BARNSTABLE,8.39696372,21748036.192,35627.4294441
01841,LAWRENCE,NON UNIQUE,LAWRENCE,34550,LAWRENCE,ESSEX,3.10779573,8049153.98314,15524.8064415
01907,SWAMPSCOTT,NON UNIQUE,SWAMPSCOTT,68680,"SWAMPSCOTT, TOWN OF",ESSEX,3.06397446,7935657.4155,14600.1978648
02639,DENNIS PORT,NON UNIQUE,DENNIS PORT,16810,"DENNIS, TOWN OF",BARNSTABLE,3.0293891,7846081.74071,13757.7012467
02045,HULL,NON UNIQUE,HULL,31680,"HULL, TOWN OF",PLYMOUTH,3.02647591,7838536.60952,54102.7236327
02191,NORTH WEYMOUTH,NON UNIQUE,NORTH WEYMOUTH,49725,"WEYMOUTH, TOWN OF",NORFOLK,2.03917083,5281428.21669,23893.1828695
02543,WOODS HOLE,NON UNIQUE,WOODS HOLE,81245,"FALMOUTH, TOWN OF",BARNSTABLE,1.73524928,4494274.99286,20469.3015317
01010,BRIMFIELD,NON UNIQUE,BRIMFIELD,08435,"WARREN, TOWN OF",WORCESTER,1.70752188,4422461.37003,11868.5953109
02657,PROVINCETOWN,NON UNIQUE,PROVINCETOWN,55535,"PROVINCETOWN, TOWN OF",BARNSTABLE,10.02240784,25957917.1482,48341.6238516
01867,READING,NON UNIQUE,READING,56165,"READING, TOWN OF",MIDDLESEX,10.01470192,25937958.893,22266.3855647
02648,MARSTONS MILLS,NON UNIQUE,MARSTONS MILLS,38995,BARNSTABLE,BARNSTABLE,9.17362222,23759572.4692,28160.7446537
02601,HYANNIS,NON UNIQUE,HYANNIS,31820,BARNSTABLE,BARNSTABLE,9.16580994,23739338.7575,31496.1386735
01096,WILLIAMSBURG,NON UNIQUE,WILLIAMSBURG,79880,"ASHFIELD, TOWN OF",FRANKLIN,9.10332183,23577495.3091,32007.6768368
01862,NORTH BILLERICA,NON UNIQUE,NORTH BILLERICA,46680,"BILLERICA, TOWN OF",MIDDLESEX,9.02691277,23379596.7376,42476.4177572
01082,WARE,NON UNIQUE,WARE,72845,"HARDWICK, TOWN OF",WORCESTER,9.02286976,23369125.3932,31994.296404
01236,HOUSATONIC,NON UNIQUE,HOUSATONIC,31295,"GREAT BARRINGTON, TOWN OF",BERKSHIRE,8.32821353,21569974.0167,25970.3841381
01950,NEWBURYPORT,NON UNIQUE,NEWBURYPORT,45245,NEWBURYPORT,ESSEX,8.18952564,21210774.0424,31700.9078615
02130,JAMAICA PLAIN,NON UNIQUE,JAMAICA PLAIN,32520,BOSTON,SUFFOLK,3.88185899,10485227.2227,19861.956334
01588,WHITINSVILLE,NON UNIQUE,WHITINSVILLE,79495,"NORTHBRIDGE, TOWN OF",WORCESTER,8.06639019,20891854.6918,30234.1570039
01944,MANCHESTER,NON UNIQUE,MANCHESTER,37980,"MANCHESTER BY THE SEA, TOWN OF",ESSEX,7.95022406,20590985.7855,34151.6349935
01347,LAKE PLEASANT,PO BOX,LAKE PLEASANT,33640,"MONTAGUE, TOWN OF",FRANKLIN,0.00887988,22998.7717453,865.853114057
02136,HYDE PARK,NON UNIQUE,HYDE PARK,31960,"MILTON, TOWN OF",NORFOLK,0.00589713,9534.36414031,525.678223716
02718,EAST TAUNTON,NON UNIQUE,EAST TAUNTON,20555,"LAKEVILLE, TOWN OF",PLYMOUTH,0.0033505,8677.75725486,756.215778474
02135,BRIGHTON,NON UNIQUE,BRIGHTON,08330,"BROOKLINE, TOWN OF",NORFOLK,0.00318986,8779.9119892,443.755124514
02148,MALDEN,NON UNIQUE,MALDEN,37875,REVERE,SUFFOLK,0.00167185,4330.06134208,609.632881303
01432,AYER,NON UNIQUE,AYER,03040,"HARVARD, TOWN OF",WORCESTER,0.00058379,1511.99898293,211.326486824
01904,LYNN,NON UNIQUE,LYNN,37490,LYNN,ESSEX,4.22888343,10952757.7982,22465.8537524
02189,EAST WEYMOUTH,NON UNIQUE,EAST WEYMOUTH,20835,"WEYMOUTH, TOWN OF",NORFOLK,4.06211923,10520840.4972,20817.2588607
01108,SPRINGFIELD,NON UNIQUE,SPRINGFIELD,67000,SPRINGFIELD,HAMPDEN,4.0360997,10453450.2233,17247.9275263
01380,WENDELL DEPOT,NON UNIQUE,WENDELL DEPOT,74560,"WENDELL, TOWN OF",FRANKLIN,3.77622738,9780384.01656,22147.3979166
02453,WALTHAM,NON UNIQUE,WALTHAM,72600,WALTHAM,MIDDLESEX,3.65960328,9478328.97267,29852.3777865
01119,SPRINGFIELD,NON UNIQUE,SPRINGFIELD,67000,SPRINGFIELD,HAMPDEN,3.42876664,8880464.82482,16999.7641418
02149,EVERETT,NON UNIQUE,EVERETT,21990,EVERETT,MIDDLESEX,3.39290335,8787579.3286,16432.0722416
01851,LOWELL,NON UNIQUE,LOWELL,37000,LOWELL,MIDDLESEX,3.35726061,8695265.05088,13944.4100784
01843,LAWRENCE,NON UNIQUE,LAWRENCE,34550,LAWRENCE,ESSEX,3.35256158,8683094.63228,17170.8475642
02472,WATERTOWN,NON UNIQUE,WATERTOWN,73440,WATERTOWN,MIDDLESEX,4.02570259,10426521.8535,20026.7688985
01854,LOWELL,NON UNIQUE,LOWELL,37000,LOWELL,MIDDLESEX,3.97910135,10305825.1726,27332.25617
01084,WEST CHESTERFIELD,NON UNIQUE,WEST CHESTERFIELD,75610,"CHESTERFIELD, TOWN OF",HAMPSHIRE,4.20149821,10881830.4177,23754.2360799
01542,ROCHDALE,NON UNIQUE,ROCHDALE,57530,"LEICESTER, TOWN OF",WORCESTER,4.14213776,10728087.5438,16724.019878
02452,WALTHAM,NON UNIQUE,WALTHAM,72600,WALTHAM,MIDDLESEX,3.80762042,9861691.61617,13537.5866001
01609,WORCESTER,NON UNIQUE,WORCESTER,82000,WORCESTER,WORCESTER,3.79605572,9831739.16949,21903.2901431
01247,NORTH ADAMS,NON UNIQUE,NORTH ADAMS,46225,"MONROE, TOWN OF",FRANKLIN,8.12432666,21041909.4546,21223.5104276
01008,BLANDFORD,NON UNIQUE,BLANDFORD,06050,"OTIS, TOWN OF",BERKSHIRE,8.11116703,21007826.1588,29106.6218189
01970,SALEM,NON UNIQUE,SALEM,59105,SALEM,ESSEX,8.10431968,20990091.6055,39783.3027394
01984,WENHAM,NON UNIQUE,WENHAM,74630,"WENHAM, TOWN OF",ESSEX,8.08791383,20947600.6447,32538.8641709
01835,HAVERHILL,NON UNIQUE,HAVERHILL,29405,HAVERHILL,ESSEX,8.06934245,20899501.0069,26409.5272673
02646,HARWICH PORT,NON UNIQUE,HARWICH PORT,29090,HARWICH,BARNSTABLE,2.68029043,6941920.33359,20916.6174988
02561,SAGAMORE,PO BOX,SAGAMORE,58965,"BOURNE, TOWN OF",BARNSTABLE,2.61849426,6781868.98894,11541.2429804
01118,SPRINGFIELD,NON UNIQUE,SPRINGFIELD,67000,SPRINGFIELD,HAMPDEN,3.65172888,9457934.37166,15922.0743337
02534,CATAUMET,PO BOX,CATAUMET,11805,"BOURNE, TOWN OF",BARNSTABLE,2.12877433,5513500.19823,20742.7408365
01002,AMHERST,NON UNIQUE,AMHERST,01290,"SHUTESBURY, TOWN OF",FRANKLIN,2.11283202,5472209.82115,10678.481102
02724,FALL RIVER,NON UNIQUE,FALL RIVER,23000,FALL RIVER,BRISTOL,2.11257106,5471533.92643,11178.970888
02466,AUBURNDALE,NON UNIQUE,AUBURNDALE,02830,NEWTON,MIDDLESEX,1.74824703,4527939.02517,14172.0115202
02650,NORTH CHATHAM,NON UNIQUE,NORTH CHATHAM,47275,"CHATHAM, TOWN OF",BARNSTABLE,1.64073077,4249473.19806,16927.0448378
02119,ROXBURY,NON UNIQUE,ROXBURY,58475,BOSTON,SUFFOLK,1.63137772,4163153.32962,13081.5031005
01129,SPRINGFIELD,NON UNIQUE,SPRINGFIELD,67000,SPRINGFIELD,HAMPDEN,3.60278173,9331161.83752,19751.96242
01611,CHERRY VALLEY,NON UNIQUE,CHERRY VALLEY,13275,"LEICESTER, TOWN OF",WORCESTER,3.44684824,8927295.96082,19058.2310513
02465,WEST NEWTON,NON UNIQUE,WEST NEWTON,77185,NEWTON,MIDDLESEX,2.13274738,5523790.35537,11770.3038995
02131,ROSLINDALE,NON UNIQUE,ROSLINDALE,58265,BOSTON,SUFFOLK,3.32868736,8062582.27931,20034.8136671
01222,ASHLEY FALLS,NON UNIQUE,ASHLEY FALLS,02200,"SHEFFIELD, TOWN OF",BERKSHIRE,3.30454102,8558721.9626,15258.3418563
02474,ARLINGTON,NON UNIQUE,ARLINGTON,01640,"ARLINGTON, TOWN OF",MIDDLESEX,3.27548524,8483467.81426,18659.0660356
01560,SOUTH GRAFTON,NON UNIQUE,SOUTH GRAFTON,60120,"GRAFTON, TOWN OF",WORCESTER,3.27102315,8471911.05501,19536.4493761
01092,WEST WARREN,PO BOX,WEST WARREN,78445,"WARREN, TOWN OF",WORCESTER,3.25431131,8428627.59882,14160.4043035
02124,DORCHESTER CENTER,NON UNIQUE,DORCHESTER CENTER,17125,BOSTON,SUFFOLK,3.23298187,8189967.63011,22747.6948027
02138,CAMBRIDGE,NON UNIQUE,CAMBRIDGE,11000,CAMBRIDGE,MIDDLESEX,3.02587488,7835824.49604,16853.9735953
02494,NEEDHAM HEIGHTS,NON UNIQUE,NEEDHAM HEIGHTS,44175,"NEEDHAM, TOWN OF",NORFOLK,3.01547389,7810041.5101,14424.7608524
02467,CHESTNUT HILL,NON UNIQUE,CHESTNUT HILL,13625,"BROOKLINE, TOWN OF",NORFOLK,2.98456672,7774052.87434,14029.5739173
02125,DORCHESTER,NON UNIQUE,DORCHESTER,17090,BOSTON,SUFFOLK,2.9695764,7630150.399,37697.8196034
01223,BECKET,NON UNIQUE,BECKET,04510,"BLANDFORD, TOWN OF",HAMPDEN,2.93063789,7590317.29491,14686.9718538
02127,SOUTH BOSTON,NON UNIQUE,SOUTH BOSTON,63200,BOSTON,SUFFOLK,2.56215814,6771908.24898,29234.4111681
01151,INDIAN ORCHARD,NON UNIQUE,INDIAN ORCHARD,32100,SPRINGFIELD,HAMPDEN,2.56179187,6635010.47232,12763.110411
02135,BRIGHTON,NON UNIQUE,BRIGHTON,08330,BOSTON,SUFFOLK,2.53017277,6778551.02,18333.955779
02171,QUINCY,NON UNIQUE,QUINCY,55745,QUINCY,NORFOLK,2.5215007,6530656.83333,27938.7498168
02032,EAST WALPOLE,NON UNIQUE,EAST WALPOLE,20730,"WALPOLE, TOWN OF",NORFOLK,2.25608698,5843238.45675,12272.3293995
02670,WEST DENNIS,NON UNIQUE,WEST DENNIS,75820,"DENNIS, TOWN OF",BARNSTABLE,2.2505835,5828984.50734,20645.427567
02659,SOUTH CHATHAM,NON UNIQUE,SOUTH CHATHAM,63515,"CHATHAM, TOWN OF",BARNSTABLE,2.22489917,5762462.38823,15848.0724008
02476,ARLINGTON,NON UNIQUE,ARLINGTON,01640,"ARLINGTON, TOWN OF",MIDDLESEX,2.15110683,5571341.10267,12575.4904967
02120,ROXBURY CROSSING,NON UNIQUE,ROXBURY CROSSING,58510,BOSTON,SUFFOLK,0.66067031,1631019.08794,8383.43195581
02141,CAMBRIDGE,NON UNIQUE,CAMBRIDGE,11000,CAMBRIDGE,MIDDLESEX,0.65065276,1685182.90892,8481.83540624
01434,DEVENS,NON UNIQUE,DEVENS,16840,"AYER, TOWN OF",MIDDLESEX,0.64302673,1665431.57832,6588.80237846
02462,NEWTON LOWER FALLS,NON UNIQUE,NEWTON LOWER FALLS,45665,NEWTON,MIDDLESEX,0.58695824,1520214.86552,9916.52932064
02467,CHESTNUT HILL,NON UNIQUE,CHESTNUT HILL,13625,BOSTON,SUFFOLK,0.53184772,1757382.92018,11199.5184981
01350,MONROE BRIDGE,PO BOX,MONROE BRIDGE,42075,"MONROE, TOWN OF",FRANKLIN,1.98926194,5152164.774,10599.9354869
02458,NEWTON,NON UNIQUE,NEWTON,45560,NEWTON,MIDDLESEX,1.97041616,5105458.19869,13301.3203414
01080,THREE RIVERS,NON UNIQUE,THREE RIVERS,69730,"PALMER, TOWN OF",HAMPDEN,1.5268771,3954593.54122,11690.1303901
02150,CHELSEA,NON UNIQUE,CHELSEA,13205,CHELSEA,SUFFOLK,2.21853235,5745972.4039,14039.6667733
01338,BUCKLAND,NON UNIQUE,BUCKLAND,09560,"BUCKLAND, TOWN OF",FRANKLIN,2.17759209,5639937.61896,15339.699914
01610,WORCESTER,NON UNIQUE,WORCESTER,82000,WORCESTER,WORCESTER,2.16157829,5598462.08018,17046.6675428
02445,BROOKLINE,NON UNIQUE,BROOKLINE,09210,"BROOKLINE, TOWN OF",NORFOLK,2.50194438,6476387.52477,15035.6762589
01902,LYNN,NON UNIQUE,LYNN,37490,LYNN,ESSEX,2.39287545,6197518.96771,15643.2362825
02562,SAGAMORE BEACH,NON UNIQUE,SAGAMORE BEACH,59000,"BOURNE, TOWN OF",BARNSTABLE,2.38797825,6184835.285,10696.2619028
02725,SOMERSET,NON UNIQUE,SOMERSET,62465,"SOMERSET, TOWN OF",BRISTOL,2.38139817,6167792.95208,15756.8076571
02122,DORCHESTER,NON UNIQUE,DORCHESTER,17090,BOSTON,SUFFOLK,1.46751676,4034755.57427,16720.1997996
02460,NEWTONVILLE,NON UNIQUE,NEWTONVILLE,45735,NEWTON,MIDDLESEX,1.39441911,3611528.91715,12096.428707
02744,NEW BEDFORD,NON UNIQUE,NEW BEDFORD,45000,NEW BEDFORD,BRISTOL,1.39227048,3605963.99223,15307.6997763
01029,EAST OTIS,PO BOX,EAST OTIS,20240,"OTIS, TOWN OF",BERKSHIRE,0.02061906,53403.120823,1157.90313943
01074,SOUTH BARRE,PO BOX,SOUTH BARRE,62920,"BARRE, TOWN OF",WORCESTER,0.01049869,27191.4950105,908.853712786
01607,WORCESTER,NON UNIQUE,WORCESTER,82000,WORCESTER,WORCESTER,2.56402386,6640791.30301,12255.7310344
01105,SPRINGFIELD,NON UNIQUE,SPRINGFIELD,67000,SPRINGFIELD,HAMPDEN,1.32177084,3423370.76686,12746.1242465
01731,HANSCOM AFB,NON UNIQUE,HANSCOM AFB,28425,"LINCOLN, TOWN OF",MIDDLESEX,1.22079065,3161833.25695,8479.16889505
01003,AMHERST,NON UNIQUE,AMHERST,01290,"AMHERST, TOWN OF",HAMPSHIRE,1.21272454,3140942.13881,10995.6604518
02553,MONUMENT BEACH,PO BOX,MONUMENT BEACH,42670,"BOURNE, TOWN OF",BARNSTABLE,0.11848982,306887.231204,3134.62097599
02357,STONEHILL COLLEGE,UNIQUE ORGANIZATION,NORTH EASTON,47625,"EASTON, TOWN OF",BRISTOL,0.11141458,288562.449762,2462.57112657
02113,BOSTON,NON UNIQUE,BOSTON,07000,BOSTON,SUFFOLK,0.08990889,236774.552702,3669.96247919
02557,OAK BLUFFS,PO BOX,OAK BLUFFS,50425,"OAK BLUFFS, TOWN OF",DUKES,0.08250296,213681.674573,2782.59326172
01718,ACTON,NON UNIQUE,ACTON,00345,"ACTON, TOWN OF",MIDDLESEX,0.08209838,212633.832694,1996.01468297
01082,WARE,NON UNIQUE,WARE,72845,"PALMER, TOWN OF",HAMPDEN,0.07826961,202717.358368,1916.88200456
02661,SOUTH HARWICH,PO BOX,SOUTH HARWICH,64320,HARWICH,BARNSTABLE,0.07151371,185219.658514,2778.1622334
01242,LENOX DALE,PO BOX,LENOX DALE,35040,"LENOX, TOWN OF",BERKSHIRE,0.07046471,182502.760986,3057.66158028
01438,EAST TEMPLETON,PO BOX,EAST TEMPLETON,20590,"TEMPLETON, TOWN OF",WORCESTER,0.0500023,129505.374462,1511.52129154
02672,WEST HYANNISPORT,PO BOX,WEST HYANNISPORT,76590,BARNSTABLE,BARNSTABLE,0.04693204,121553.435692,1872.44482666
02144,SOMERVILLE,NON UNIQUE,SOMERVILLE,62535,SOMERVILLE,MIDDLESEX,1.17562354,3044850.99275,11518.6001535
02140,CAMBRIDGE,NON UNIQUE,CAMBRIDGE,11000,CAMBRIDGE,MIDDLESEX,1.15594951,2993895.48659,10114.3029705
02121,DORCHESTER,NON UNIQUE,DORCHESTER,17090,BOSTON,SUFFOLK,1.12853663,2866822.85358,10038.9812639
02118,BOSTON,NON UNIQUE,BOSTON,07000,BOSTON,SUFFOLK,1.1211804,2792216.29391,10261.1610974
01128,SPRINGFIELD,NON UNIQUE,SPRINGFIELD,67000,SPRINGFIELD,HAMPDEN,1.10318163,2857227.31216,8862.6077875
01009,BONDSVILLE,PO BOX,BONDSVILLE,06400,"PALMER, TOWN OF",HAMPDEN,0.04152232,107542.309881,3400.24115872
01063,SMITH COLLEGE,UNIQUE ORGANIZATION,NORTHAMPTON,46330,NORTHAMPTON,HAMPSHIRE,0.03725573,96491.8928166,1465.92933866
01561,SOUTH LANCASTER,PO BOX,SOUTH LANCASTER,64460,"LANCASTER, TOWN OF",WORCESTER,0.0359069,92998.431767,1286.62761538
02151,REVERE,NON UNIQUE,REVERE,56585,EVERETT,MIDDLESEX,0.0341638,88483.8286219,1482.17396902
02047,HUMAROCK,PO BOX,HUMAROCK,31715,"SCITUATE, TOWN OF",PLYMOUTH,0.03041975,78786.7818651,1358.70869581
02746,NEW BEDFORD,NON UNIQUE,NEW BEDFORD,45000,NEW BEDFORD,BRISTOL,2.09587378,5428288.16156,15464.4361117
01908,NAHANT,NON UNIQUE,NAHANT,43615,"NAHANT, TOWN OF",ESSEX,1.09572321,2837910.08555,18911.8427856
02791,WESTPORT POINT,PO BOX,WESTPORT POINT,77640,"WESTPORT, TOWN OF",BRISTOL,1.01417631,2626704.57627,19623.6960653
02641,EAST DENNIS,PO BOX,EAST DENNIS,18840,"DENNIS, TOWN OF",BARNSTABLE,0.97234354,2518358.19928,9696.79391352
02671,WEST HARWICH,NON UNIQUE,WEST HARWICH,76450,HARWICH,BARNSTABLE,2.08610932,5402998.32291,21716.2574743
02467,CHESTNUT HILL,NON UNIQUE,CHESTNUT HILL,13625,NEWTON,MIDDLESEX,1.62133133,4167338.33143,14523.6814743
02139,CAMBRIDGE,NON UNIQUE,CAMBRIDGE,11000,CAMBRIDGE,MIDDLESEX,1.53884743,3986752.00508,8896.15997891
02071,SOUTH WALPOLE,NON UNIQUE,SOUTH WALPOLE,65545,"WALPOLE, TOWN OF",NORFOLK,0.96857856,2508606.96132,9576.40015829
01070,PLAINFIELD,NON UNIQUE,PLAINFIELD,53995,"WINDSOR, TOWN OF",BERKSHIRE,0.95620559,2476561.11976,8551.29284286
01965,PRIDES CROSSING,PO BOX,PRIDES CROSSING,55325,BEVERLY,ESSEX,0.93371211,2418303.27054,9462.51221252
02210,BOSTON,NON UNIQUE,BOSTON,07000,BOSTON,SUFFOLK,0.90267044,2335486.56311,14807.7893111
02647,HYANNIS PORT,PO BOX,HYANNIS PORT,31890,BARNSTABLE,BARNSTABLE,0.84202441,2180833.19945,14249.0676975
02468,WABAN,NON UNIQUE,WABAN,72075,NEWTON,MIDDLESEX,1.49887466,3882067.54131,11514.626247
01107,SPRINGFIELD,NON UNIQUE,SPRINGFIELD,67000,SPRINGFIELD,HAMPDEN,1.4986343,3881445.02572,10376.7186764
01355,NEW SALEM,NON UNIQUE,NEW SALEM,45455,"NEW SALEM, TOWN OF",FRANKLIN,56.92362861,147431521.283,79996.673851
02347,LAKEVILLE,NON UNIQUE,LAKEVILLE,33885,"LAKEVILLE, TOWN OF",PLYMOUTH,36.14788827,93622600.8304,47503.609658
01069,PALMER,NON UNIQUE,PALMER,52070,"PALMER, TOWN OF",HAMPDEN,31.2085051,80829657.1468,58736.0625153
01093,WHATELY,PO BOX,WHATELY,79075,"WHATELY, TOWN OF",FRANKLIN,1.53051749,3964022.08887,13897.7195484
02170,QUINCY,NON UNIQUE,QUINCY,55745,QUINCY,NORFOLK,2.0251918,5245222.69245,16092.743256
01031,GILBERTVILLE,NON UNIQUE,GILBERTVILLE,25695,"HARDWICK, TOWN OF",WORCESTER,7.22382569,18709622.6413,30929.4613902
01441,TYCO,UNIQUE ORGANIZATION,WESTMINSTER,76975,"WESTMINSTER, TOWN OF",WORCESTER,0.49357989,1278366.04538,6867.23982897
01260,SOUTH LEE,PO BOX,SOUTH LEE,64530,"LEE, TOWN OF",BERKSHIRE,0.48685094,1260938.1568,4615.61812501
01840,LAWRENCE,NON UNIQUE,LAWRENCE,34550,LAWRENCE,ESSEX,0.48676949,1260727.2025,5668.45516438
02116,BOSTON,NON UNIQUE,BOSTON,07000,BOSTON,SUFFOLK,0.7936883,1962612.00979,11270.5808345
02115,BOSTON,NON UNIQUE,BOSTON,07000,BOSTON,SUFFOLK,0.77488959,1993262.29881,12677.5947517
02215,BOSTON,NON UNIQUE,BOSTON,07000,BOSTON,SUFFOLK,0.73594322,2055354.47229,12979.4286792
02464,NEWTON UPPER FALLS,NON UNIQUE,NEWTON UPPER FALLS,45700,NEWTON,MIDDLESEX,0.48348335,1252216.12212,4882.75955795
02558,ONSET,PO BOX,ONSET,51160,"WAREHAM, TOWN OF",PLYMOUTH,0.46457327,1203239.25429,7197.10463614
01608,WORCESTER,NON UNIQUE,WORCESTER,82000,WORCESTER,WORCESTER,0.44601513,1155173.88852,8278.86512111
02143,SOMERVILLE,NON UNIQUE,SOMERVILLE,62535,SOMERVILLE,MIDDLESEX,1.49668349,3876392.43148,10257.447499
02637,CUMMAQUID,PO BOX,CUMMAQUID,15970,BARNSTABLE,BARNSTABLE,0.68515272,1774537.3891,9296.1808395
02199,BOSTON,NON UNIQUE,BOSTON,07000,BOSTON,SUFFOLK,0.7936883,131084.394175,1576.24017177
02133,BOSTON,NON UNIQUE,BOSTON,07000,BOSTON,SUFFOLK,0.42602022,27147.1631216,739.288957264
02203,BOSTON,NON UNIQUE,BOSTON,07000,BOSTON,SUFFOLK,0.18992141,31431.749033,898.121200085
02163,BOSTON,NON UNIQUE,BOSTON,07000,BOSTON,SUFFOLK,0.12133642,523484.690171,4215.85560676
02126,MATTAPAN,NON UNIQUE,MATTAPAN,07000,BOSTON,SUFFOLK,1.91306305,5269728.35821,13852.7749002
02723,FALL RIVER,NON UNIQUE,FALL RIVER,23000,FALL RIVER,BRISTOL,1.84847218,4787520.97994,10099.5783079
02152,WINTHROP,NON UNIQUE,WINTHROP,80965,"WINTHROP, TOWN OF",SUFFOLK,1.79662941,4653248.81794,17191.8031458
02461,NEWTON HIGHLANDS,NON UNIQUE,NEWTON HIGHLANDS,45630,NEWTON,MIDDLESEX,1.38859135,3596435.07977,10640.9229515
02145,SOMERVILLE,NON UNIQUE,SOMERVILLE,62535,SOMERVILLE,MIDDLESEX,1.38051682,3575522.13841,9108.4216043
01850,LOWELL,NON UNIQUE,LOWELL,37000,LOWELL,MIDDLESEX,1.37072858,3550170.73603,7945.97009201
02129,CHARLESTOWN,NON UNIQUE,CHARLESTOWN,12645,BOSTON,SUFFOLK,1.35709143,3513727.44435,18977.4256908
01503,BERLIN,NON UNIQUE,BERLIN,05455,"BERLIN, TOWN OF",WORCESTER,13.16047963,34085485.7736,25901.1042634
02026,DEDHAM,NON UNIQUE,DEDHAM,16530,"DEDHAM, TOWN OF",NORFOLK,10.50881137,27218387.7386,44477.4410723
02114,BOSTON,NON UNIQUE,BOSTON,07000,BOSTON,SUFFOLK,0.42602022,1100265.88659,7134.35790197
01103,SPRINGFIELD,NON UNIQUE,SPRINGFIELD,67000,SPRINGFIELD,HAMPDEN,0.40808293,1056929.93354,6029.25463281
02142,CAMBRIDGE,NON UNIQUE,CAMBRIDGE,11000,CAMBRIDGE,MIDDLESEX,0.31911045,826492.279651,6301.41219537
01901,LYNN,NON UNIQUE,LYNN,37490,LYNN,ESSEX,0.28586272,740381.044668,5993.92972745
02663,SOUTH WELLFLEET,PO BOX,SOUTH WELLFLEET,65650,"WELLFLEET, TOWN OF",BARNSTABLE,0.28517882,738609.745316,4576.66549534
02111,BOSTON,NON UNIQUE,BOSTON,07000,BOSTON,SUFFOLK,0.28243222,744265.001447,4438.25835514
01066,NORTH HATFIELD,PO BOX,NORTH HATFIELD,48185,"HATFIELD, TOWN OF",HAMPSHIRE,0.21951527,568541.94609,4271.39338672
01094,WHEELWRIGHT,PO BOX,WHEELWRIGHT,79180,"HARDWICK, TOWN OF",WORCESTER,0.21098569,546450.435287,3454.43517148
02532,BUZZARDS BAY,NON UNIQUE,BUZZARDS BAY,10015,"WAREHAM, TOWN OF",PLYMOUTH,2.11024061,5465498.10125,14928.0427426
02134,ALLSTON,NON UNIQUE,ALLSTON,01150,BOSTON,SUFFOLK,1.34527948,3039882.51748,11844.0509033
02446,BROOKLINE,NON UNIQUE,BROOKLINE,09210,"BROOKLINE, TOWN OF",NORFOLK,1.32643741,3439004.9215,8358.33048456
02110,BOSTON,NON UNIQUE,BOSTON,07000,BOSTON,SUFFOLK,0.20934213,459905.392549,7325.42402863
02020,BRANT ROCK,PO BOX,BRANT ROCK,07840,"MARSHFIELD, TOWN OF",PLYMOUTH,0.19287635,499547.447552,3798.95328505
02108,BOSTON,NON UNIQUE,BOSTON,07000,BOSTON,SUFFOLK,0.18992141,418772.058831,6423.12648947
01224,BERKSHIRE,NON UNIQUE,BERKSHIRE,05315,"LANESBOROUGH, TOWN OF",BERKSHIRE,0.18532068,479978.354238,3690.27297862
02109,BOSTON,NON UNIQUE,BOSTON,07000,BOSTON,SUFFOLK,0.1757244,506337.25072,9828.34922645
01745,FAYVILLE,NON UNIQUE,FAYVILLE,23420,"SOUTHBOROUGH, TOWN OF",WORCESTER,0.16674924,431878.550516,3201.58809812
02350,MONPONSETT,PO BOX,MONPONSETT,42005,"HANSON, TOWN OF",PLYMOUTH,0.16547078,428567.344005,4208.50677127
02763,ATTLEBORO FALLS,NON UNIQUE,ATTLEBORO FALLS,02725,"NORTH ATTLEBOROUGH, TOWN OF",BRISTOL,1.32583836,3433905.59623,12610.9847393
